не ходи на курсы толку мало от них если тебе прям очень нужно я тебе расскажу куда лучше пойти,1
класно я померилась со своей лучшой подругой насть это я про тебя блин у нас с ней столько много воспоминаний ахахаха,1
сплю на трёх подушках и укрываюсь двумя одеялами а всё потому что кровать огромная а спать на ней не с кем,0
ненавижу красные светофоры сидишь наблюдаешь как по секундам утекает жизнь в никуда,0
так понятно но нет человека нет проблем нужно уметь прекращать общение вовремя или убивать,1
я чувствую это долгожданное лето будет для нас очень счастливым и веселым друзья,1
услышала по радио что в минске нехватает уборщиков теперь я знаю на какую работу меня точно возьмут,1
тут дело вумственное ежели будед один дома не вытерпит нажреццо зачоркнуто мявкнет чо нить,1
романцев тихонов и львов снимают в тюбетейке программу для сэ тв интересно что получится,1
надеюсь не будет просто я себя хорошо чувствую не вижу смысла в больницу ложиться только если к тебе за компанию,1
всёёёё началась пора ав на пшеничных и подсолнечных полях,1
надо н сегодня я опять упустила возможность не успела оглянуться он с какой то девкой левой,0
познакомимся дима москва ищу девушку цель знакомства провести вечер ищу не нада стеснений,1
как же мне надоел этот долбаный контакт не могу выложить нечего ни фото ни видео ни могу поменять аватарку,0
сижу отслушиваю свежую музычку для видеообзоров зуб мудрости индикатор если его сводит и он начинает неистово ныть значит в топку,1
кого бы тебе хотелось поскорее встретить я хотела бы папу вообще встретить,0
япошки жжут представила концепт подушки безопасности для смартфона,1
хорошие девочки говорят нет остановись,1
классно вечеринка в клубе в какого бал так поздно мама теперь убьет деньги за бронь платья в воздух,0
у меня нету учебы кисоньки мои у меня ноут отобрал бывший и мы фильмы втыкали,1
эмм неожиданно но спасибо,1
нас хотели разозлить разбудив по раньше но мы выспались и реакции которую они ождали не выявилось,1
чтобы завоевать сердце девушки нужно спасти ее от негра неумеющего водить жаль что цветочки кино внимание и забота уже не работают,0
у меня вообще все сваливают к родственникам в россию так что одна остаюсь надеюсь что кто то будет со мной в ночи,1
а что если у шерлока был брат близнец и он умер или был тяжело болен и сиганул с крыши вместо шерлока о о,0
прохожу соло на клавиатуре брр пожалуй самая мозговзрывающая программа с которой я когда либо имел дело однако,1
фестиваль в москве проходит ежегодно на праздник николая чудотворца и сергиеву посаду тоже достается солнечной италии,1
ну вот и пришла пора немного отвлечься от повседневной суеты и работы да и вообще от мск настроение конечно честно не особо,0
в парке сокольники половина посетителей из средней азии празднуют нг это пипец с такой политикой власти хочется им задать воп,0
ураааа гуляяять бегущий город по нашему району бегает кучу хороших знакомых можно встретить,1
это моя самая любимая книга я ее раз читала и все пять раз плакала в три ручья,0
начинай сначала все по порядку я могу подталкивать вопросами просто сама не могу без вопросов рассказывать,1
сидим мы такие я и мое одиночество звонит ольга и говорит что ей негде ночевать поэтому сегодня нас четверо,1
срочно фоторобот лиц подозреваемых в теракте в волгограде,0
послушай правда не знаю понравится тебе или нет на любителя группа но большинству нравится,1
я давно хотел им заняться но не знаю получится ли самостоятельно логично а чего не уйдешь о о,1
год играл за саратовский автодор знаю и имел дело со всей жесткостью президента клуба на месте игроков автодора я бы тоже так носился,1
первая ассоциация мистер картофелина х да полноте ньют мужык мужычина настоящим мужыкам даже пвакать можно х,1
свендсен конечно молодец но жалко что у наших мальчиков сегодня не совсем все получается смотрим и болеем дальше,0
я на служении любимой церкви молились о украине все будет супер,1
мама не отпустила за подарками в магазины хотя вчера разрешила логичная логика у этой женщины,0
было дело воспоминания смотрю старые фотки с и ржеееееем,1
фотку из инста с моим комментарием где нати встала на колени перед залом добавили в оф группу моя маленькая победа,1
вот почему когда он заходит в асю я начинаю тупить по полной когда читаю историю наших сообщений мне становится очень стыдно он навер,0
угу он умничка с головой дружит и умеет сдерживаться еще парочка лет и они вообще заматереют будут теми еще волчарами,1
очень странно и непонятно быть в наших с вами местах родные и хотить нашимм путями с чужими людьми и жемчужина пустая,0
бабушка луи успела снятся в фильме но до премьеры не дожила,0
помню когда мне плохо стало мама прямо с уроков меня забрала и в больницу повезла а там врач такая была странная,0
завтра с утра за ноутом и очками блин завтра ж еще и замена у меня ну да ладно покажу детям картинки или фильмец,1
я ни одной новой серии еще не видела а тут еще торыч в вк вечно репостит себе и ты в твиттере хд,0
сегодня у банкомата понял теперь ощущение нового года приходит ко мне когда при запросе баланса на экране высвечивается сумма к,0
лучший подарок подарок своими руками только купюры не надо рисовать поделочка,1
я бы писоединилась но мои руки слишком мерзкие что бы их фоткать быть,0
потому что я очень красива в меня пол города влюблено а я видишь тебе пи,1
сегодня утром в школе свет выключали такая темнота была все бегали и орали слава тебе господи ну потом включили с,1
нашел в шкафу старые военные наручники скрепил руки а только потом подумал про ключ да со сцепленными руками искать его круче,1
что это интересно за объединение и сети ресторанов тодасё хочу туда сходить а не психологию учить,0
всё равно мы рано или поздно умрём чё переживать из за какой то вакцины или эпидемии,1
спросил можно ли сфотографировать кто готовит брехливые новости на телеканал интер засоромились вромайдан,1
дома пользуюсь а мне такой чтобы намазался и пошел на улицу от детского кожа как в масле вся блестит,1
моя репититорша дала мне домашнее задание и это домашнее задание выучить песню я её люблю,1
я в этом году походу была плохой девочкой мне мандаринки просто на столе оставили,0
привет скорее выздоравливай и больше никогда не болей,1
ох если бы мне бы по часа эфиров на россии первом дожде и нтв я бы там такого наделал не оторвался бы никто,1
что лучше всего украшает женщину любовь нет красивее женщины которая любит и любима,1
что бы тебе никогда не хотелось забыть разные моменты со своими друзьями,1
целый вечер и потом ещё пол дня без телефон это безумно ужасно как я могда его забыть хныыы сс,0
он выыыыыыыыыыыыыыыхоооооооооооооооодноооооооооооооооооооооооой ехуууууууууууууууууууууу я тебя так люблю ааххха,1
скорее бы воскресение так хочу посмотреть шерлока а потом рыдать не спать а потом опоздать в понедельник в школу я кажется мазохист,0
как приятно засыпать с книгой в руках перелистывая истории жизни людей это офигенное чувство,1
у меня в общем программа по очищению телефона иесть там и удалила обновление это,1
о да именно я ненавижу такие голосования за то что они так долго тянут зато потом так приятно осознавать что мы выиграли,1
детство это когда ночью ты бежишь с туалета и радуешься что тебя съест бабайка,1
заказал себе угги в интернете а продавец консультант из спортмастера в галерее хоть я тебя лично и не видел но ты дурачек,1
что сегодня пессимистичные твиты сочувствующие тут есть четверть около того но активных в этой среде мало,0
на бюджет мозгов не хватит а платить никто не станет чмошником была им и останусь,0
коротко о серии шерлок тралль шериарти усы рип пора быть шерлоком холмсом ночьшерлока,0
го взаимно мой старый акк в бане мы с тобой тогда про айфон общались и ты ретвитил мои записи про отсчет до конца четверти,1
бро ну не комильфо сидя в восточном лондоне качать английский фильм с русским дубляжом я подожду немного,1
доллар уже руб заебался каждый день повышать ценник а оптовики заебались доказывать что цены в прайсе вчерашние,0
родители такие родители сначала подарили на летие машину месяца от силы я ездила потом они себе забрали жизньболь,0
самый тяжёлый день это четверг,0
не понимаю девушек у которых фото от одного похода в клуб наверное много новых эмоций это им доставляет причём фото ни о чём,1
иногда мне не хочется признавать что это я делаю такой ужасный дизайн почему заказчики так глупы,0
как только я решила что высчитала вероятность выпадения раритета рандом меня потралил пошел уже ый млн кредитов а раритета все нет,0
крутой день урока и аааааа была в шоке встретив в нашей школе пашу миронова давно не общалась с этим футболистом,1
где я только не была сегодня наконец то занесло меня домой всем мир в твой лифте,1
это конечно классно что потом у нас будет больше времени но зато щас я ничего не успеваю блять ни к зачетам готовится ни рисовать,0
сварили но второй раз володичка не захотел опять вареной картошки дим про масло постеснялась,0
сегодня ходил отрабатывать два пропуска по физре первой парой и третьей вобщем в конце первой пары препод сказал а должники остаются,1
в темноте тыкать в разетку две зарядки которая находится три метра над уровнем неба это я и юлька конечно,1
еду домой одно опасение не подтвердилось но зато спина все таки,0
миллион миллион миллион задниц джи из окна из окна из окна вижу я в общем твоя задница меня преслед,1
вромайдан историю поучи митрофанушка не было бы ленина не было бы украины,1
а я сижу в баре и какой то немец громко говорит по телефону что то про путина и это делает все еще более сюрным,1
а язык показывает у нас становился и язык высовывал машу и медведя насмотрелся,1
хоть я тебя и совсем не знала но наверняка есть такие люди которые тебя очень любят и ценят до сих пор вечная тебе память,0
а я долбоеб без личной жизни,0
иногда я задаюсь вопросом почему с жирухами и страшными девахами ходят красивые мальчики что блин со мной не так,0
хм самостаятельный апргейд оперы до меня не оч порадовал с быстрым запуском случилась фигня,0
ну да случается с некоторыми а вообще тут доолго спорить можно например гавно пишет в тви что он норм а так гавно,0
реакция на отзыв отклик обычных людей как здорово я еще кому то интересен з моя омг что там за что,1
андрею макаревичу исполняется лет с юбилеем,1
ребята начинаем вечерсмс максимальный очень извиняемся за задержку,0
а вообще решила даша сэкономить немного итогом стал неравномерный цвет на волосах который я столько времени добивалась,0
повезло тв паспорт получила а мне еще долго ждать да и фотка думаю будет не очень у меня,0
а замуж она вышла за майора который за ней в вологду приехал уже после демобилизации в так она оказалась в новосибирске,1
я не такая страшная вроде кидай что хочешь я уверенна мне понравится тем более вкусы у нас совпадают вроде как,1
хрень какая то ответила пятерым на комментарии а их не видно как буд то стёрты или вообще не грузится окошко,0
как хреново болеть на каникулах в баскетбол играть не пускают гулять не пускают хотя за окном светит солнце и температура,0
иногда злишься по пустяку а потом понимаешь что была просто идиоткой,1
седня у нас было задание написать прав ребенка мы с челом списали с интернета а другой неужели нельзя такое легкое самим написать тупые,0
фаршированные кальмары ингредиенты тушки кальмаров шт сырки плавленные шт чеснок зубчика креветки на крайний случай кра,0
а нееее это было онемение от того что так близко в хорошем смысле и доброе утро кстати,1
завтра у литвинушки начёёёва мама кааак всегда своего дома нет нууу отпустила всё равноооо,1
приснился сегодня неймар ахах гуляли с ним за ручку хаха такой сон жалко что он закончился,0
братишка подарил феньку и сказал что если не снимать ее сбудется желание надеюсь на это спасибо,1
новости источник следователи не имеют доказательств причастности сердюкова к делу оборонсервиса,0
встретила без особого счастья и даже со злостью новый год вот и начался таким третий день со злостью в душе проходит а потом заново,0
осознавая что я была лишь куклой в твоих руках мое сердце кровью обливается я не могу пов,0
сижу в кафе и наблюдаю как за соседним компуктером дама в мирах на мейлру выносит приятелю мозг транслитом,1
фильм эффект бабочки очень впечатлил даже не знаю как словами выразить захватывало внимание даже переживал за героев посмотрите,1
дирекшионерфолловьдирекшионера взаимныйфолловинг читаювзаимно читайменяаятебя давайте читать друг друга с буду рада новым фолловерам,1
всегда пожалуйста а мне сегодня пообещали вручную маку на нг в подарок сделать моя довольнаяя,1
почему в твиттер редко пишешь неужели никто не понял что у меня появилась личная жизнь,0
гоняли с ромашкой в магазин за сладкой ватой но её не оказалось зато были мою любимые корочки за ватой родной сказал отвезёт в,0
тааааак на улице как весной мягкий ветер запах весны новый год ожидает ждать лучшего одно радует что буду с любимкой,0
а наследственно плохо конечно а у не так у всех в роду все норма со зрением а вот у меня бл,0
когда я научусь говорить нет я буду собой гордиться ненавижу когда мне врут а я еще и помогаю им,0
брату лет а сестра старше брата сколько лет сестре или скажи правильный ответ,1
аааааааа как я не люблю такие ситуации извращенцы гребаные а с виду нормальные мужики,0
говнокодинг и джимми хендрикс что может быть лучше в часа ночи жаль я пить бросил ещё бы рюмочку вискаря сейчас,1
к бабушке уедем а там меня до вечера оставят без интернета я мужскую гонку короче не буду комментировать такая вот беда,0
мама сказала мне что я должна была родиться в дагестанской семье хахах от русского и еврейского во мне почти ничего нет,1
особенно сейчас когда они не интерисуются просто как дела а раньше мы и дня не могли друг без друга,0
я учительница химии угадайте сколько раз у меня спросили умею ли я варить синий мет,0
удивительно но благодаря особому вниманию инновациям и качеству получила наград в году т е в среднем наград в день о о,0
рафинированность аккордеониста вот даже в том что ты сфотался с перевёрнутым инструментом а всем пох,0
заехал к маме а тут в телевизоре кушать готовит надо даг каналы подключить дома,1
ночью дождик был до сих пор в сон клонит но надо рабооотать делать деръмосайты а после часов делать нормальные кл,0
у моего кота закончились гулюшки с одноразовым питанием теперь из дома не выгонишь,1
солнце светит я болдею дождь идет я фанарею я от жизни ловлю кайф все прекрасно,1
мне больше многим из моей ленты уже далеко за не легче анфоловить всех кто так раздражает этим спамом,1
скачала приложение с множеством рецептов теперь буду готовить но только для себя потому что я слишком одинока,0
подрубил в качестве второго монитора вакомовскую планшетку какой то пц с картинкой происходит,0
кто нить настраивал связку на можете подсказать а то заводится никак не хочет,0
а я там два раза только был ел бутерброд а потом пил шампнское,0
я тоже норм но сегодня у меня порвался любимый носочек ихзммлюв давай только я ежедневно в восемь встаю на тренировки,0
знэ м знэ нтр гээл бсан яасссссан хэлсэн ярисандааа байгаач дг й туучийнуудаааа,0
не у старой было продюсера и был суд за бренд виа гры меладзе выйграл и по сути второй обязан изменить на,1
и я с радостью,1
как же потрясающе сейчас на улице громадные хлопья снега кружатся над головой зимняясказка прогулкананочьглядя,1
не знаю как интеллектуальный юмор но игру они точно вытянули подвели все даже камяызяки днепр несправедливо вышел это факт,1
где генератор ванильности у женщин наверное там же где урчальник у котов,1
спс записала а я в детстве про нее не знала кажется я вообще была каким то социальным аутистом,1
ненавижу наше украинское телевидение у тебя завтра экзамен а они властелина колец крутят да еще и самую любимую часть,0
ребята после пати на нг вы наверное захотите ещё потусить с на декабря пройдёт,1
всех реферат по глаголу типологии английского языка кажется и я боюсь представить что еще они разобрали пока я прогуливал,0
такая же хрень маман говорит что я себя накручиваю но я то знаю что все со мной плохо,1
проблем в том что на меня коровушку кроме костюм коровушки ничего и не будет скорее всего ахах,1
первая порция пряничного домика почти сделана еще таких штук сделать вино шоколадка и индастриал супер это только первая ночь,1
только я могла зайти в магазин купить там шарфик и при этом потяреть в этом же магазине тот шарф в котором пришла,0
ой блин я же не думала что по почтее я думала что нарисуешь своткаешь и в тви мне отправишь я лах,0
а я прям пожалел что ноут не взял с собой щас пока килев жду часок безделия получился,0
какой хороший сегодня день обычный но хороший настроение таки отличное еще и фильм значит война классный лежу смеюсь расслабон,1
почему нельзя вернуть то что было т т теперь всё это останется лишь на фото которые никто не увидит,0
я такой веселой фигней никогда не занималась и мне нравится это обо всем что меня мучает последнее,1
хочется апельсинового сока и скорее на родину скорее бы сдать сессию и вздохнуть спокойно радоваться жизни сгонять в китай на мореее,1
вижу сейчас твиттер отклики о смотрю а эти ретвитнули мои ретвиты жизньболь,0
моя любимая самая классная песня героин стояла на звонке тлф больше лет но на новом звонок не слышен бляяя,0
лидер прокручивания последних суток несколько часов пожалуй наберётся ну разве ж я не эмо,1
ты себя так недооцениваешь ты крутой чувак ахахахах думаю нет но все таки спасибо,1
друзья как выйти на айфоне из учетной записи из и при этом не удальять все файлы я в этом дерево,1
бля я когда в такой юбке ходила а потом киданула эту фотографию в твиттер то все подумали что это я,1
нереально стыдно перед вадимом но я и алю бросить не могу но нужно что то выбирать ненавижу принимать такие решения сейчас разревусь,0
о май гад этот день был лучшим русских вообще не было мы бесились играли в фанты исполняли жестокие желания,1
кажется каждый человек смеётся при том когда я скажу что мне кто то сделал комплимент,0
ага можешь пару твитов ебанусь с тегом семейкатви для монашки нам чуток осталось прям,1
солнце нет я какашка ахахахаха почемуянемогустобойнормальнообщаться печалити шоу буолаалла,1
вот так вот бывает сдали экзамен во вторник а в четверг преподаватель умер жаль его очень офигенный был мужик,0
а ты просто говорил о планах второй фильм врубить а аукцыон может еще что было что не показывал,0
мне кажется что я когда нибудь за свою шапку спартаковскую когда нибудь пизды отхвачу но пока только респектуют,1
все пишут про елку а я разбираюсь с новым телефоном и только не дает мне впасть в социальное неведение,1
от твиттера вк отстал порядочно и навсегда а грамм это для лохов чеченских,0
да молодцы а я гранж и вова врезались в фуру лоб в лоб правда в стоящую но не суть,1
только что в кафе подарили другу подарок стали расходиться спохватились подарка нет украли гады ну и люди капля в мою копилку грусти,0
у меня теперь дома есть зеркало метр на два с половиной интересно на сколько быстрее я стану собираться,1
го января временно меняем свой любимый южный штат на курорты краснодарского края самки будьте загорелыми блядь,0
я всё таки обожаю хорошо быть тихоней как книжку так и фильм просто шикарная вещь могу наслаждаться эти вечно,1
все кончилась лекция очень интересно было жду следующей задавал вопросы больше всех лектор угарал,1
мне же ещё до субботы черчение готовить а я всё выучила только на завтра кроме гиааа я имела это решать,0
окончен трудный день мы пережили это и в твиттере встречаем первый вторник лета,1
поздравления от сергея безрукова фоном под стук молотков монировщиков сцены строящийся н,0
ох ничто не вечно под луной вот и снежочек начинает таять что там говорили про морозы,0
приехать в колледж постоять мин под кабинетом и поехаиь домой а все потому что я победитель по жизни,0
да я прекрасно это знаю за год как я в группе на к людей она увеличилась вы знаете с чем это связано,1
спасибо тока помоему тупо даже не поменялось не чего обидно такой должен был получится,0
не могу отвлечься от этих дурных мыслей только потому что сижу дома болею целыми днями и мне не хватает общения остается накручивать,0
белый порох очень рада снегу и зиме ждала очень крупные снежинки ложатся на плечи,1
до свидания ульяновск железнодорожный вокзал ульяновск центральный,1
быдлота обосралась и зовет на помощь вперед ребята давно пора разогнать этот шабаш,1
да я ж лох стираю без ваниш бля как дальше сука текст еще постоянно забываю а еще я кошу под окси бря,0
у тебя зелёные глаза да а что опасно почему говорят что если влюбишься в зеленоглазую уже никогда не сможешь разлюбить,1
у меня на форексе уже лет лежит результат примерно ноль прибыли убыли стохастика демоны максвелла не спят,1
твит я посвещаю моим любимым бернотович крыскина ямковая гайко пашкевич мама папа женя и мои двум котам люблю вас,1
любовь это когда готов отдать жизнь за человека это такой попадос у меня раза было,0
люди сначала плачут тебе в жилетку выговариваются а потом когда все налаживается тихо уходят и забывают о тебе жизньболь,1
я вот понимаю что я ёлку хотела к поставить но не успею столько по универу делать надо прям печаль,0
неа как раз таки именно сейчас мне нужен контакт чтобы договориться о встрече так что он вообще не во время бесит,0
тот кто придумал выражение доброго времени суток великий это величайший совок в истории совка,1
мне правда жаль когда у людей такая скучная жизнь что они начинают обсуждать чужую,0
у дурова в статусах открыл личные сообщения для всех узнал много нового видимо много благодарностей за изменения было,1
вот асей заманите ща много людей правильный пиар ход осталось только теперь от аси вам не отхватить,1
кароч нихера не работает сообщения пришли но он даже не обновляет и мои не отправляет сообщения,0
жуйк а я один такой шизанутый что у меня одновременно открыты опера фуррифокс конкверор и хром,1
нам ни жыть видь ларре лучшие друзья а мы делаем из них геев нам пара задумаца мы такие тараканы,0
у меня ощущение что компиляция нашего сервера старт томката происходят быстрее чем компиляция клиента плюс его старт,0
опа однофамилец ты просто обязан зафолловить меня понял ага ахахах,1
ахахха некар мочит завтра будешь мне приятности говорить а сейчас иди спать тебя ждет постелька мурр,1
около дома есть место где постоянно нарушают правилаэпарковки вызывал и писал гибдд толку ноль что делать,0
здравствуйте юлиана смейтесь пять минут смеха прибавляют год жизни а для студентов равноценны стакану сметаны,1
вот и я с новые друзья это круто но мою скромную персону прошу не забывать и так далеко не отправлять,1
сегодня во время перекура у меня раскрутился и выпал шипик от лабретки в губе траур минут со,0
дооо и ради нас даже русский выучил сяпки,1
лучше меня конечно девушки есть я не спорю но их ещё надо поискать а зачем искать когда есть я,1
про то что он немногозадачный я не догадывалась не разузнала этот вопрос и болезни слайдера рано проявились,0
говорят что дружбы между мужчиной и женщиной не бывает женской дружбы не бывает так с кем же мне тогда дружить,0
я знаю что ты скоро отрубишься ну я жива твердо стою на ногах и моя девичья честь не досталась ахунским маньякам так что норм хдд,1
а у вас все клиенты любимые или некоторые любимее вернёте а то я тоже разок так попал я даже покопаюсь в платежах,1
доброе утро всем когда встаю так рано в голове сто причин что бы не просыпаться и как остаться дома спать под теплым одеялом,1
в москве будет торговать рольф начиная с января будет где обслуживаться и потестдрайвить,1
а я убираюсь в хате заебалась на у лице гололед а мне в магаз идти почему говно,0
и теперь даже не общается сама напросилась же наверное она как шутку это восприняла,0
просто не могу я играть в миссии где требуется кого то защищать охранять умираю либо я либо объект миссии хреновый из меня защитник,0
ну вот поставил фоном обойку с сайта может и не стоило раз это так напрягает браузер да и не уверен что картинка хороша,1
у нас задержка с трейлером мистера найна ютуб никак не одобрит видно слово члены ему не нравится,1
аудиозаписи там только русский грустный репчик про любовь и расстование все настолько ужаасно посмотри потом,1
как уехать из киева в москву надо быть тут желательно уже днём мая а билетов на жд с мая нет уже,0
перед открытием выставки студент сдает зачет по полету похоже что успешно,1
зашел в социальную сеть и пролил рвоту на клавиатуру ноутбука теперь не включается где можно отремонтировать,0
хочупровестиновогоднююночьвместес тут и нечего думать эта была бы лучшая ночь во всей истории человечества,1
всё так я сегодня болела за телезрителей за кого болею тот и выигрывает думаю пора бизнес открывать для побед в спорте,1
бибагадаа барс зах дээр т р д ингээд траншейнд амьдрах нь гээд нулимс б мб р лэн уйлж билээ удалг й ээж ирээд аваад явсан,1
проблемы чо то хотел шо нет времени объяснять танцуй аххахахахахах у нас с мужем фирменые приколюхи и слюни диишииинкаатоок,1
блин я не зайка не рыбка не милаффка и не лапка и делать чмаффки со мной не надо уже бесит потихой,1
фэйсбук показал мне запомнившихся мне моментов и че то не особо я жгла в этом году надо исправить в новом,1
смотрю в зеркало вроде ничё так красивая подхожу ближе присматриваюсь ё моё богиня,1
я определённо фанат статей чэ киэьэ биллэ сылдьыам сделал мой день,1
лямов это же жлитная квартира где вс на высоте у них такой ценник удивляться нечему,1
товарищи военные научное мировоззрение это боль и тяжесть какая тут морально психологическая устойчивость,0
я недавно тут могу только одно заметить точно как же здесь на этом сайте всё не просто интриги,1
лучше они деньги потратившие на фармакологию отдали бы так наличкой ибо там пздц миллионы тыщ гдето,0
возможно будет уже поздно возможно просто торопясь скажу вам лента осторожно желаю счастья и удач,1
наконец то спать до скольки ты хочешь я в восторге праада блин только в понедельник надо уже много дел переделать,0
действительно так часто постоянно откладываю свои мечты на завтра а ведь может что времени потом не будет даже на это,0
этому утверждению эминема даже нечего возразить тысячу раз да,1
нит я сказал что мы все друзья а не ты не витя не увидели твит пидары,0
сладкая парочка твиксоеды,1
друзья помогите пожалуйста я до жути хочу этот кулон но нищий я пожалуйста помогите,1
уже какой день начинается с похода к ветеринару сломали лапку новогодние дни василия удались,0
зачеты это сдал и не сдал а адскую кухню я люблю летом ее всегда смотрела сейчас я сказала телику бай бай,0
потому что каждый этот фильм совершенно достойное продолжение предыдущего но конечно такой жанр этих фильмов разговорный не для всех,1
вижу такое и во мне просыпается граммар наци меню ресторана с приличной кухней между прочим,0
я боюсь что это будет последнее что я скажу и до климакса предсказанного я просто не доживу тогда,1
учеба делится на два типа слишком сложно чтобы выучить слишком легко чтобы учить,1
все создатели команды просто молодцы спасибо за возможность поучаствовать в вашей работе,1
стенина сергея недели держали в больнице с аппендицитом это самый дешевый и удобный способ кодировки,1
освободили от нарядов физ подготовки строевой и т д все дело в том что у меня от нагрузок воспалился л узел печаль обида тоска,0
дизайн сменил и часть проектов почему то сделал закрытыми среди коих и моя тема для,0
ты меня не знаешь мне просто интересно нет чувак прости но это информация только для избранных,1
офигенный день день позитива бегал как идиот целый день танцы офигенны хоть я и ракал но мне очень понравилось,1
воспоминания меня убивают в тот день забрали тебя на год многие скажут что это мало но для меня вечность,0
людей орущих что они психологи много хотя на руках у них только диплом а я даже не знаю где найти того кто поможет,0
то нехватка теперь передозировка шоколада ну нет золотой середины тем не менее шоколаааааад я счастлив,0
жаль что ни на одной фотке не передать красоту того что происходит сейчас на улице сказка,1
за часа успеть переделать кучу дел вдобавок успеть сходить в кино и встретиться с одним человеком не хочу понедельник,0
это незабываемо мы просто должны на каникулах увидеться ну просто раньше даже не представляю как времени нет совсем,1
а у нас тут др на работе голосование не не слышала кто подослал ко мне алкоголь и это после ночи без сна,1
на канц коржа за танцпол тыс где ничего не увидишь ещё и в пельмешку сделают уж лучше сходить на на трибунку,0
м алехина мы бы допели песню до конца ее нужно слушать целиком не один куплет ох дурынды жаль их,0
ну зашибись с сентября лежал в сумке разрядился и отказывается заряжаться даже от более мощного бп,0
тут даже шкалу хреновости можно вывести вот здесь я на уровне исина все норм тут чо то как то на тао а вот те чунмён,0
люди я хотел бы вам все таки сказать я абсолютно не виновен ни в ваших разрывах шаблонов неверных стереотипах розовых очках и прочих,1
люблю подразнить собаку з она все готова отдать ради колбасы все команды выполняет а я беру и не даю колбасу лошара а не собака,1
ааххах не плачь найдешь ещё правильно хотя получали все нормально а как в первом классе наказывали всех помните,1
закон ровновесия в действии получила автоматом на екзамене с истории украине но по дороге домой потеряла ключи карма мод он,0
а мои родители одинакового роста были хд смишно и а я а брат не честно,0
какой смс тебе бы хотелось получить в течении ближайших прости меня я был не права прав кристинке,1
новый персиковый чизкейк не принимают карты картофеля фри так и нет,0
глупо не общаться с человеком который тебе дорог ведь в любой момент его может не стать представляешь навсегда и нечего не вернешь,0
блин в городе дохренищща компаний которые автомобили в аренду сдают от запорожца то хамера лимузина и ни у кого миникупера нету,0
у любимого папульки день рождение и поэтому мы уже нарядные весь вчерашний день сами пекли,1
вот и первые семейные проблемы с да я сам такой же победитель давай улыбнись и послушай песенки дженсена з,0
блокирующую мембрану в наливной системе унитазов нет в россии практически официально очень нужна разыграйте плиз,1
хей нигга перестань ты не хач ты сука мать твою чертов ниггер гребаная чёрная машина для убийств,1
не наверное после стольких лет игры в нормальные красивые игры играть в я не смогу удалил после минут игры очень печально,0
вообще пипеец я уже переволновалась вся тут на истерике сижу,0
почему мне никогда не везет все время когда накладывают мороженое мне дают больше всего срубают деньги с меня да для меня это горе,0
ретвиттим и соответственно пишем номер уже вечером будет победитель с,1
прекрасное зимнее утро последний раз приходил в универ к на первом курсе на последнем все повторяется,1
да я не могу меня так и тянет посидеть тут пусть он сам придет и накажет меня чтоб я наконец заниматься начала хд,0
угадайте что это спорим не угадаете ответ по ссылке,1
как влияет на вас время медведева максимально отличающееся от природного опрос идём по ссылке голосуем слева,1
капец баба возмущалась что в одноместный номер хочет мужа провести он же муж идиотка что или чо это тебе не сменная хата,1
люблю горы а сегодня международный день гор сочи сочи,1
только лучшие друзья лучше вас знают что еще вкусного есть у вас в холодильнике,1
новая жизнь начинается именно в тот момент когда для старой внутри больше нет места,0
твой духовно генетических отец создатель печей и газовых камер похожи кровные братья,0
то ли поиграть,1
поняла что детство закончилось когда на папиной работе перестали приносить пакет со сладостями на нг,0
сегодня чудесный день написала зачет по строймеху получила посылки начались каникулы только зайка уехал до завтра,0
да мне её отдали кстати по этому не жалко и я на её здоровую бошку делаю парик я просто гениальна сама всё усложнила,0
здила в коледж завтра аж сес право етика раду шо хоть етику автоматом ставлять а право тре вчити бляя опять це право,0
и вот его не стало но я буду всегда помнить тебя ты всегда будешь жить в моём сердце заменимых тебе нет вечная память тебе горшок,0
я целую ночь гуляла сегодня в бресте и снега было немножко а когда приехала в барановичи офигела,1
ле жа асында кездескен б л с мд кт н аты нитрария шобера екен ал мен ызыл р кт н з н тапты,0
твиттерские дирикшионеры внимание есть предлодение поиграть кому интересно,1
оговорка по фрейду даже подсознание мое против таких экспериментов,1
таныс б л ст олдап дауыс беру организаторлар да даус бередекен керекинфосына,1
чего то не хочет принимать с хост машины по протоколу а отдавать зараза отдает пишет записьобъектов,0
просто я сижу сейчас такая счастливая с телефоном в руках на диване в майке любимого с котом на коленках и мечтаю о лете счааастье,1
а ведь помню как относительно недавно был большой спор об уместности понятия белгородский блогер,1
надеюсь серез мин буду уже около филармонии меня как всегда тошнит с ой минут пребывания в маршрутке,0
сходили с на однокласники теперь есть классный стаканчик с,1
жуйк а накидай скринов игрушек с середины или конца х годов я очень хочу пофапать такие игры хорошие ведь были з,1
чтоб добавить оперения так гады владельцы познакомились и увидели перепугались и хорошее дело сорвалось,0
сегодня на алгебре илюха тыкнул в меня ручкой я ему ответил потом он опять тыкнул и так много раз а потом ко мне подходит классная,1
очень жаль что этот день закончился зато осталась память палевные фотки нашей банды и видео,1
да конечно иду и работаю на и в группе заранее или сразу на месте в трц питерленд,1
вся информация собранная будет считаться конфиденциальной и предназначаться только для работы внутри компании вот так,0
из за тумана самолетом на майдан не попасть а если поездом колбаса закончится остается идти в магазин,1
ребята начинаем вечерсмс максимальный очень извиняемся за задержку,0
у курахмы акаева сегодня день рождения оказывается поздравляю желаю прибавления в семействе всех благ тебе и твоим близким,1
дождались официальный трейлер иван царевич и серый волк смотреть всем толи еще будет,1
аааха сегодня в зале над всеми нами никита угарал а сам тоже ленился сегодня в зале был день лени и дикости всех поперло,1
наконец то я ужинаю после такого тяжелого дня завтра обещает быть напряженным днём поэтому нужно набираться сил и всё получится,1
смотря что за сайт и какие цели я не составляю на заказ если только за поддержку беру т е только на перспективу,1
решил леша сделать маше качельку дома когда сверлил в потолке то просверлид провода теперь мы сидим дома без света,0
а главное что все это легко можно было сделать в течении семестра я просто надеялся что все само собой получится балбес,1
бау бау бау настроение просто класс коенмилашка уверенно держится в трендах россии и украины лова,1
и что будет если я действительно дежурю в столовой ахахах вот причина моего невставания сегодня утро,1
притвелт я сейцчасм запежду заьбравт димск и тебе мир и процветание достопочтенный туземец будьсчастлив,1
мисс конгениальность при поступлении в университет ее просто попросили принести фото на диске,1
летом я если сам получу работу попробую тебя взять вместе будем а так я тебе помогу не лучше хэдхантера,1
как же сложно принимать решения я в тупике что же делать даже если я не совсем взрослая все равно хочу в беззаботное детство,0
норм но правда не пошел на гору сегодня у меня мозоль и она нарывает и я не смог одеть ботинки горнолыжные,0
хаха когда моя подруга летела в италию я просила передать привет папе она подумала что ее отцу и долго не втыкала,1
не обижайтесь кого я удалила из друзей просто я оствавляю тех с кем я посстоянно переписывась и дружу и гуляю,1
я с лучшими подругами перестала гулять ради него а он говорит что я ни разу не доказала свою любовь обидно,0
во вторник конфереша в среду посол британии а сегодня выставка со всякими блюдами разных стран вместо пары и поели и повеселились,1
по истории всеобщей три ну училка седня сказала что пятерки там у кого то одна тройка и остальные четыре,1
да вообще советую отличный такой сериал там в основе конечно история любви однако и убийства и прочее прочее,1
очень надеюсь что раз так сильно задержали рейс из екатеринбурга рейс из спб в берлин вы тоже задержите,0
батыстын саясаты санамызды улап битти ата бабаларымыз казирги омиримизди корген болса ериксиз коздери,0
этот мир на столько жесток что люди которым мы нравимся нам не нравятся а те которые нам нравятся мы не нравимся,0
несколько месяцев назад у меня умерла шиншилла да сих пор нахожу по углам квартиры ее какули и грущу,0
нашел хату на новый год нет че как лох будешь дома сидеть найди хату мам хватит,0
милая наша выздоравливай скорей и возвращайся к нам в ангарск нам очень тебя не хватает мы тебя любим,1
мама узнала какой у меня низкий гемоглобин орёт на меня пздц вот это всё потому что мясо не ешь ничо не ешь и всё в этом роде,0
ты короче должна знать что за илюша я вспомнил что мы все были у тебя в гостях та ты по любому помнишь,1
милая ты у меня красотка я знаю у тебя все еще впереди оставайся всегда такой я люблю тебя сестричка,1
снова начала смотреть зачем я не начала делать это раньше обожаю особенно они бывают такие,1
просто у кого из друзей ни спрошу получаю ответ что то типо я не знаю сама решай твои предки тупые ублюдки даже подсказать не могут,0
дошли наконец то руки до покупки билетов пытаюсь найти максимально удобный вариант голова взрывается,0
вот это я лох весь вечер корректировала мановскую работу и не сохранила радует то что успела все напечатать,0
я так устала от однообразных дней от одних и тех же лиц от постоянного безделья хочется чего то нового а всё такое обыденное,0
раньше ниче не слушала кроме рэпа но щас предстовляю как я еду в тачке под музыку,1
ребяяята если найлу сделали операцию то он с половиной месяца не будет так прыгать,0
так пахнет грудным молочком её маленькие ручки люблю её больше всего на свете,1
всегда страшно мимо проходить человек упал на рельсы на станции чистые пруды в московском метро,0
у кого то снежная борода а у меня вместо глаза мандарин,1
крутой психологический тренинг понравилось хоть немного разрядили обстановку перед завтрашним экзаменом,1
ну всё я сижу и ржу как идиот хд хотя почему как хд стерв и правда у нас очень интригующие отношения,1
господи как же я по вам соскучилась и не понятно когда увижу еще так плохо без вас,0
нахлынула волна воспоминаний я так скучаю слезы бегут рекою не вернуть тех дней когда вы были со мною,0
нина семёновна хочет что бы у меня по химии вышла а я то думала ей лиж бы засадить меня но у меня твёрдая уже не исправить,0
салюты каждый день как отзвуки былого веселья а вообще мне кажется это принцессы заказывают их на свадьбу хочу чтобы было бабах,0
полезные вещи сделанные мной за сегодня приготовила ужин и убралась делаю все но только не готовлюсь к экзаменам,0
почему постановщики фильмов делая по мотивам книгам так искажают его и самые эпические моменты просто не вырезают раздражает,0
глупо было ожидать от родителей что они настроят скайп к новому году по телефону надо одни и те же дежурные поздравления дважды,0
мне тоже надоело с если бы мы жили в одном городе я бы позвала тебя гуляять хахах а так не помогу ничем,0
брат пошел курить на площадку второй запер дверь после мы дружно от него убегали он этого не одобрил,1
иногда хочется заставить себя полюбить но к сожалению чувства по заказу не приходят и не уходят,0
я тоже не смотрел иронию судьбы с мне нравятся новогодние российские мюзиклы сказки не знаю почему так х,1
молокососы отбросы неуклюжая голодные игры орудие смерти город костей,1
у меня школа без медали универ без корочки и жизнь отличная не скучная причем твоя медаль к отличной жизни есть связь,1
путин говорит про резервы правительства и золотовалютные резервы мол денег у нас много не скулите окау,0
мы с тобой уже больше недели не общались я скучаю очень не хватает твоей поддержки очень многое хочется тебе рассказать,0
оооо ахаххаха привеееет ну как написал свои контрольные утра или вечера,1
величина интеллекта на планете есть константа а рост народонаселения усугубляется ростом продаж смартфонов,0
терь я знаю из отрадного человека наблюдать переезд со стороны забаааавно люди спортсмены как бэ а смска пришла с алкоголем и тортом,1
бедные парни ваши ти летние девочки сами не знают чего хотят мечась от одного к другому набивают себе цену в какой раз столкнулся,0
так это задротов только сдали остальные как я хд и препод у нас просто дрянь та еще,0
последние нулукатуки пора новый диск выпускать,1
из за этой гребанной школы не посмотрю шерлока онлайн все будут уже вкурсе кого там убили а я только приду домой ненавижу,0
магнитные линки штука хорошая и удобная только вот надо найти как папку для сохраннеия свою указать,1
когда к тебе обращаются с просьбой скажи мне только честно с ужасом понимаешь что сейчас придётся много врать,1
на данный момент меня всё устраивает главное у меня есть близкие люди которые меня любят ценят и уважение а остальное всё будет,1
снаступающимтвиттерский,0
почему же дети делают все это почему ребенок вырастает и убивает своих маму и папу приканчивает двух маленьких сестер,0
правдаа я рад ти тепер увидел дарагой даа я тожи они чем то напоминают меня с поругой пичаль,1
центральная площадь нашего города забита посетителями катка большая елка предновогоднее настроение а в шоколаде теперь нельзя курить,0
что это такое шипчики сам ты шипчик это пробирко держатель школьныеистории,1
замечательное утро замечательное ое декабря всем желаю такого же замечательного настроения,1
спасибо вам за этот клевый день я вас люблю,1
да ладно тебе обижается еще мой мир там группа есть по цитатам специализирутся не обижайся плз,1
я так растрогался когда мне вручили это даже слезу пустил,1
утром на рабочем столе меня встретила суриманская пипа спасибо находчивым коллегам гк,1
ты бы никогда не предположил что это тот же самый мужчина который мастурбировал на сцене перед тысячами,0
у нас всегда скрепки разваливались а вот из символа бакса зажимы для денег хорошие выходят,1
жаль александр геогиевич больше не ведет у нас и что вы будем без него делать получать эти липовые да кому они нужны когда знаний ноль,0
черт я не знаю идти или нет черт твою мать мне чет не охото вообще вообще да и наркоз и настроения нет думаю корочь и решаю,0
я уже столько раз видел но мне почему то все еще смешно,1
идешь а под ногами хруст хруст хруст хруст и забываешь про все не слыша музыку в наушниках бесподобно,1
когда я впервые услышал я представил высокого худого патлатого вокалиста потом увидел фото да клаус не такой,1
жесткий секс под мариупольским коксом ахахаха только с тобой могло такое произойти ахаха,1
ну это хоть привычнее что ли студенческий у меня всегда в самом далеком кармане рюкзака только вот очереди перед входом будут,0
жаль что в химии физике нет наименования боль очень кстати было бы вот моль есть а боли нету не в чем мои чувства измерить,0
у меня сестра когда в сизо сидела за полгода около кг набрала так что не вариант а вот читать это да читать это туда,1
а что получаеться валера тебе говорил обратное валера скажи так ли это или сила нагло врёт,1
о господи дешееевооо я выезжаааааю у нас в салоне от рублей покрыть шилаком,0
одноклассник целый день уже ходит и заставляет всех на нг танцевать венский вальс ахаха это так смешно выглядит такой брееед,1
я смущаюсь говорить об этом вслух но это связано с нашей поездкой в харьков с дорогой в ту сторону думай,1
сидит парень рядом меня сводят с ума его духи жаль что нельзя словами описать запах надеюсь когда нибудь я пойму как он называется,0
одна половина ярдов эт погашение долгов а вторая утонет в керченском проливе и где тут победа,0
вкуснее яишницы чем готовлю я не видела у меня самая ахуенная яишница я обожаю её она настолько вкусная что пиздец,1
надоело теперь есть цели хорошо закончить четверть на отлично выступить на отчетнике справить офигенно новый год,1
весь день ездила по магазинам выбирала подарки родителям на нг надеюсь им понравится ох и устала я сегодня,0
ма а ам я нашла кота дура тебе мужа ищи доброе всем рабочее утро,1
не знаю чем мы похожи тем что лохи вот хен хотя бы гэрилицо делать умеет а еще она неприметная всегда мимо нее в метро прохожу хд,1
на этой неделе надо записаться на прием к стоматологу а то в позапрошлом веселуха с зубами под нг случилась кетанов был моим утешением,0
бергея рыскалиева подозревают в пособничестве терроризму ну наконец и в наклоне пизанской башни запиш,1
извини я сегодня уже трем людям помогла тебе никак не могу лимит три человека в день мне жаль и тут меня вынесло аххахахахахахахахахахааха,0
танайд хоноё г хак хо даваажаргалынд н н гэ ээ зтэл гэ тэй в ч нг й япон э нэ ээ ч л нг й нин л юм,0
звезды в лужах делить с тобой теплый ужин делить с тобой оставаться нужным и быть с тобой вспомнила прослезилась,0
учёные заметили что в кредитных договорах в самом низу страницы есть пункты напечатанные очень мелким шрифтом но поздно заметили,0
не зря бэкапил карма через гпрс вааааще не работает через вафлю зацепился и благополучно дропнул все контакты,0
в моем сердце и в моей душе боль и обида я это не могу отпустить и забыть у меня не получается это сделать,0
правильно едьте в канаду будешь мне оттуда письма писать а я буду наслаждаться своей тленной жизн,1
коменда у нас зверь разбудить в утра с криками девочки где регистрация и на орать на меня это было жестоко,0
здравствуй егор доброго тебе дня мой дорогой желаю тебе хорошего настроения от всего сердца,1
я только добавила твит а он уже в избранных люблю свою ленту,1
мимими взаимно,1
сколько себя помню никогда не нравился девушкам с карими глазами ну хули я сделаю что я не высокий брюнет у меня смазливая внешность,1
депутаты хотят запретить чиновникам смартфоны и тут я такой со своей стройной легендой,1
так держать фотоаппарат может только реально крут этого не отнимешь,1
этот неловкий момент когда симпатия плавно перетекает в отвращение у меня так с любимой песней бывает,1
на своего будущего парня я скинула пакетик с холодной водой и крикнула ну чё айс,1
я то в курсе да молодчинки но жаль что конкуренции ни какой совершенно не было как в прошлом году,1
риа украли с утра тему про юревича интерфакс украл с утра две темы рукопожатные журналисты чо нахер кому нужны такие информагенства,0
это был самый лучший вечер я всех вас очень люблю спасибо что не забыли жду фотки потом побольше напишу,1
когда прилетает если есть время попробуй сегодня не думать завтра проснешься новый день новые мысли,1
итак ночь а в голове у меня из за вали застряла песня нига нига нига нига нига нига мазэфака ниганиганига за чтоо,1
никакого стабфонда кстати у россии нет потому что объём невозвратов по потребительским кредитам почти равен резервному фонду ой ёй,0
ванна с новыми арома пенками и маслами а потом ужин в кругу семьи что может быть лучше этого сегодня,1
так бы и провдил каждый день с тобой просто леч ничего не делать смотреть телик и прото отдыхать,1
какой ужас какими надо быть людьми что бы так по свински поступить но нечего олечка все равно вы самая суперская,0
я один раз в школу пришла в тапочках мне так стыдно было и это столько лет назад было а друзья до сих пор ржут,0
зашла на профиль билли джи после его анфолловинга до сих пор меня читает это радует,1
как вообще отдыхается а то я работаю и мне грустно,0
жиргээ р оронгуут л сайхан мэдээн д урсаж байна ямар сайхан юм бэ сэтгэл сэргэчихлээ,1
я писала так в детстве лет в пять помню писала маме мама я тибя люблю от таёного поклоника это нормально вообще,1
море солнечной и жизненной энергии,1
дождь как бы мне хотелось чтоб он смыл всё то что я помню о наших отношениях,0
яйцам не нравится плакатик про зажравшийся максимум если так что под временными аккаунтами скрываться и искать алкоголиков в тви смешно,1
если бы они вернулись я бы им все простила и я даже не знаю почему но они не вернутся,0
а вдруг этой ночью никто не умрёт а фанов моффат пожалеет скорее весь мир превратится в говно а люди станут добрее ночьшерлока,0
ой я вот вчера побегал так в этом инди на полчаса графона больше чем во всем некстгене вместе взятом,1
ненавижу когда не показывает человек на что ответил тебе нет таких синих палочек и потом после этого думай,0
хм как называется когда человек говорит сам с собой но пишет это в твиттер а потому еще и считает что это все кому то нужно,1
финал вышки у днепров серебро ура внукам буду хвастаться а я ведь в тоже в сборной играл ну как играл больше танцевал конечно,1
ага а ещё можно братьев попросить чтобы они у себя порылись у них в убежище полно книг,1
денис криминал ходячий то спицы в розетку сунет то спички палит и дом чуть не спалил он говорит я родился в спицах ото еще зебра,1
вот зачем он мне пишет он хочет чтобы мне плохо было каждый раз писать ему когда на са,1
этот год такой насыщенный веселая зима замечательная весна мегокрутое лето деньрожденческая осень,1
как то все не сподоблюсь завести отдельный тег для автомобилей ну да хрен с ним так вот хочу чайку,1
а мне озвучка ренарда совсем не понравилась актер вкладывает овердохерища лишних интонаций а ник ближе по голосу был,0
если вы взглянули в зеркало но никого там не обнаружили вы неотразимы,1
холодно холодно холодно холодно как же холодно то ёшкиматрёшки зима уходи уходи зима,0
с помощью нет что вы я не плачу,0
обычно называют роуз роузик и т д хд а тебя как нибудь по короче можно называть х,1
в этот новый год мне достаточно всего лишь одного поздравления но и его я не получу,0
а что только мне кажется что в музыке есть верхняя и бейсик темы и они могут не совпадать,1
мне наверное надо на лбу вытатуировать что кофе он и знаю же как правильно и все равно постоянно везде и всюду делаю ошибку,0
повадились звонить ночами если ответить молчат переадресовать на голосовую почту молчат,0
я сейчас осознала что я потеряю своих мужиков друганов после того как они обзаведутся своими семьями пздц,0
ну привет дорогой друг лапки к верху дизая начинается пиши приветы здесь звони,1
почему так трудно найти куртку на зиму не понимаю вообще куртка какого типа мне подошла бы по всем моим требованиям,1
не выспалась но мне норм видимо организм уже привык правда несколько дней и начинает трясти и появляются забавные визуальные искажения,1
вешаю плакат с кемами входит мама что это за группа май чемикал романс знаешь какое сейчас время время умирать,0
ну а за что их еще можно посчитать это же бональная информатика начальный курс,1
эх не напомнай он был одним их любимых героев но спс что про него во не забывают часто его вспоминают,0
плиииииииииз скатайте со мной на невский плииииииииииииииииииииииииииииииииииииииииз,0
уже не удивительно но виновных не найдут в крайнем случае кого то за халатность это же не бутыдку пива спереть,1
ты не предстовояешь любимка моя как ты мне стала дорога ты самый лучший человечек блин люблю тебя я без ьебя ни куда,1
настроение подобрано бодрое сегодня тот редкий случай когда хочется заняться домашними делами вперед,1
без ума от моего шкафа кажется я даже стараюсь почаще выходить в коридор чтобы на него полюбоваться спасибо за это,1
меня викос зафолловил после того как я ему рецепт теста на пиццу дал,1
нет ну что за фигня у меня завтра экзамен по актерскому мастерству и дефиле не в том не в другом я не уверенна,0
сходили погуляли это фотка страстного бульвара и трубной площади сделана ещё перед началом движения колонны р,1
а я хочу чтобы во время новогоднего обращения в в путин не подводил итоги а просто минут ловил ртом снежинки,1
вернули сегодня коммуникатор из ремонта отдавал с претензией что не включается и отказывается заряжаться оказалось,1
девочки на востоке воду холодную отключили воду пришлось в магазе покупать,0
лежу на диване и ничего не делаю хотя дел полно оправдываю свою лень тем что только что накрасила ногти,1
посмотрел слово с нойзом и охуел а на версусе не смог он так что бывают исключения,1
думаете мне нравится колледж да меня тошнит от него но терплю же ною да но терплю,0
сейчас читаю твит с концерта и думаю о том что будет творится у меня в ленте с по марта,1
ахаха дада если я помою ее вечером и лягу спать то она уже для меня будет грязная типа жирная ахаха,0
серия великолепна невероятная игра актеров даже не верится что сезон подошел к концу,0
накупила вкусностей сейчас будем хрумкать с девчёнками тц европарк,1
простите что только для пользователей но это лучшее приложение в пятницу спасибо,1
но у тебя тоже талант если красный диплом есть я не мало читаю хотя книг так есть штук с а может ты станеш знаменитой,1
ахахаххахааххаа лол ну про котов живущих у к и если бы в х курт с блейном поцеловались,1
и вообще я могу скинуть это лишь одному человеку а поделиться хочется со всем миром но поймет только семченко но жаль мне никиту,0
а я кайфую от этой погоды такая красота идет снег его освещает тусклый свет фонарей и все это как в сказке,1
а я уже и забыла что такое театр что такое хлопать было замечательно спасибо за прекрасный вечер,1
некоторые люди просто созданы для нытья поток их слов одни сплошные жалобы и недовольства наверно все же стоит отгораживать себя от них,0
проснулась умылась оделась пошла в школу пришла со школы посмотрела телик полепила из полимерной глины сижу в твиттере,1
мне просто еще и экзамены сдавать в волгограде хочу освоится там невозможно не грустить я люблю наш город и людей,1
это уже фэйк столь глубокомысленные речевые обороты не свойственны лидии аркадьевне,1
рассказал почему и вот именно такая же точка зрения у меня,1
первый день в школе а уже по английскому задали учить на завтра о боже помогите мне ааааааааааааа,0
с днем рождения всего самого прекрасного и замечательного ведь ты этого заслуживаешь не переставай вдохновлять нас всех,1
как не люблю коматозничать от температуры кажется что каша в голове почти готова и может вылезти наружу даже во сне глюки,0
московское мегафно не дает отключить входящие через сервис гид услуга числится в списке но не в том где можно вк,0
дорогие сделайте доброе дело лайкните фотографию в конкурсном альбоме спасибо за вашу помощь,1
настоящее счастье засыпать и просыпаться в объятиях любимого и родного человечка я люблю тебя котенок безумно скучаю,1
с ними проще всего за деньги справиться а те кто не даёт взяку может очень долго с ними мучаться,0
отрывок стиха для и не мучь меня заветом у меня заветов нет коль родился я поэтом то целуюсь как поэт,1
сегодня ночью вещаем со цены москва кто с нами,1
удовольствие от произведения оочень оочень надеюсь на ваш ответ спасибо заранее дорина,0
несколько кадров на память как народ умудрялся весь концерт стоять с телефонами не представляю,1
как они не поймут что есть редакторы косметологи стилисты которые помогают скрывать возрастные дефекты,0
и через комп не заходит и через телефон вконтакте вконтакте вконтакте вконтакте вконтакте вконтакте вконтакте,0
пришла домой сегодня на репетицию не пойду так как голос ещё не востановился в четверг возможно,1
дома вырубили свет и делать нечего но есть еще ноутбук айпад айфон и к нему чехол аккумулятор,0
тоже мне эксперт стариков питерский неудачник все по кухням свою теорию развивал а теперь пригодился,1
какие то странные тормоза видео при обновлении исходников по или это дисковая подсистема вероятно подтормаживает,1
меня нету да есть там лена белла и софи лена первая белла десятая софи двенадцатая,0
я бы не смог там опрожнится,1
й день пытаюсь превратить андроид приставку в медиасервер с пока не очень видимо придется эмуль линукса поднимать,0
была у врача сказал горло плохое живот подозрение на чето там на этот гастрит капец болит,0
место девушке в положении а на него примчится расталкивая всех какая то страшная баба непонятных лет,0
я всегда готова выслушать и помочь и сколько потом я слышу слов благодарности и мне пишут и вот не нуждаются а это пиздец как круто,1
украинский народ митингует сносит памятники минирует метро а я что а у меня репетиция мне вас жаль ребята честно но по моему это дурости,1
молния попала в статую статую иисуса христа в рио де жанейро фото класс повредило плохо,0
